/* Bairros Início */
INSERT INTO bairro (id_pmf, id_ibge, nome, ultima_atualizacao)
	VALUES
		('1', '2304400001', 'São Gerardo',  '2022-11-13'),
		('2', '2304400002', 'Aldeota',  '2022-11-13'),
		('3', '2304400003', 'Álvaro Weyne',  '2022-11-13'),
		('4', '2304400004', 'Amadeu Furtado',  '2022-11-13'),
		('5', '2304400005', 'Moura Brasil',  '2022-11-13'),
		('6', '2304400006', 'Barra do Ceará',  '2022-11-13'),
		('7', '2304400007', 'Benfica',  '2022-11-13'),
		('8', '2304400008', 'Bom Futuro',  '2022-11-13'),
		('9', '2304400009', 'Carlito Pamplona',  '2022-11-13'),
		('10', '2304400010', 'Centro',  '2022-11-13'),
		('11', '2304400011', 'Cocó',  '2022-11-13'),
		('12', '2304400012', 'Cristo Redentor',  '2022-11-13'),
		('13', '2304400013', 'Damas',  '2022-11-13'),
		('14', '2304400014', 'Dionísio Torres',  '2022-11-13'),
		('15', '2304400015', 'Farias Brito',  '2022-11-13'),
		('16', '2304400016', 'Fátima',  '2022-11-13'),
		('17', '2304400017', 'Floresta',  '2022-11-13'),
		('18', '2304400018', 'Jacarecanga',  '2022-11-13'),
		('19', '2304400019', 'Jardim América',  '2022-11-13'),
		('20', '2304400020', 'Jardim Guanabara',  '2022-11-13'),
		('21', '2304400021', 'Jardim Iracema',  '2022-11-13'),
		('22', '2304400022', 'Joaquim Távora',  '2022-11-13'),
		('23', '2304400023', 'José Bonifácio',  '2022-11-13'),
		('24', '2304400024', 'Meireles',  '2022-11-13'),
		('25', '2304400025', 'Monte Castelo',  '2022-11-13'),
		('26', '2304400026', 'Mucuripe',  '2022-11-13'),
		('27', '2304400027', 'Papicu',  '2022-11-13'),
		('28', '2304400028', 'Parque Araxá',  '2022-11-13'),
		('29', '2304400029', 'Parquelândia',  '2022-11-13'),
		('30', '2304400030', 'Parreão',  '2022-11-13'),
		('31', '2304400031', 'Pirambu',  '2022-11-13'),
		('32', '2304400032', 'Praia de Iracema',  '2022-11-13'),
		('33', '2304400033', 'Presidente Kennedy',  '2022-11-13'),
		('34', '2304400034', 'Rodolfo Teófilo',  '2022-11-13'),
		('35', '2304400035', 'Tauape',  '2022-11-13'),
		('36', '2304400036', 'Varjota',  '2022-11-13'),
		('37', '2304400037', 'Vicente Pinzón',  '2022-11-13'),
		('38', '2304400038', 'Ellery',  '2022-11-13'),
		('39', '2304400039', 'Vila Velha',  '2022-11-13'),
		('40', '2304400040', 'Antônio Bezerra',  '2022-11-13'),
		('41', '2304400041', 'Autran Nunes',  '2022-11-13'),
		('42', '2304400042', 'Conjunto Ceará I',  '2022-11-13'),
		('43', '2304400043', 'Dom Lustosa',  '2022-11-13'),
		('44', '2304400044', 'Genibaú',  '2022-11-13'),
		('45', '2304400045', 'Henrique Jorge',  '2022-11-13'),
		('46', '2304400046', 'João XXIII',  '2022-11-13'),
		('47', '2304400047', 'Padre Andrade',  '2022-11-13'),
		('48', '2304400048', 'Quintino Cunha',  '2022-11-13'),
		('49', '2304400049', 'José de Alencar',  '2022-11-13'),
		('50', '2304400050', 'Ancuri',  '2022-11-13'),
		('51', '2304400051', 'Barroso',  '2022-11-13'),
		('52', '2304400052', 'Cajazeiras',  '2022-11-13'),
		('53', '2304400053', 'Cambeba',  '2022-11-13'),
		('54', '2304400054', 'Cidade dos Funcionários',  '2022-11-13'),
		('55', '2304400055', 'Coaçu',  '2022-11-13'),
		('56', '2304400056', 'Curió',  '2022-11-13'),
		('57', '2304400057', 'Edson Queiroz',  '2022-11-13'),
		('58', '2304400058', 'Engenheiro Luciano Cavalcante',  '2022-11-13'),
		('59', '2304400059', 'Guajeru',  '2022-11-13'),
		('60', '2304400060', 'Guararapes',  '2022-11-13'),
		('61', '2304400061', 'Jangurussu',  '2022-11-13'),
		('62', '2304400062', 'Jardim das Oliveiras',  '2022-11-13'),
		('63', '2304400063', 'Lagoa Redonda',  '2022-11-13'),
		('64', '2304400064', 'Sapiranga / Coité',  '2022-11-13'),
		('65', '2304400065', 'Messejana',  '2022-11-13'),
		('66', '2304400066', 'Parque Iracema',  '2022-11-13'),
		('67', '2304400067', 'Parque Manibura',  '2022-11-13'),
		('68', '2304400068', 'Paupina',  '2022-11-13'),
		('69', '2304400069', 'Pedras',  '2022-11-13'),
		('70', '2304400070', 'Sabiaguaba',  '2022-11-13'),
		('71', '2304400071', 'Salinas',  '2022-11-13'),
		('72', '2304400072', 'Bom Jardim',  '2022-11-13'),
		('73', '2304400073', 'Bonsucesso',  '2022-11-13'),
		('74', '2304400074', 'Canindezinho',  '2022-11-13'),
		('75', '2304400075', 'Conjunto Ceará II',  '2022-11-13'),
		('76', '2304400076', 'Conjunto Esperança',  '2022-11-13'),
		('77', '2304400077', 'Rachel de Queiroz',  '2022-11-13'),
		('78', '2304400078', 'Granja Lisboa',  '2022-11-13'),
		('79', '2304400079', 'Granja Portugal',  '2022-11-13'),
		('80', '2304400080', 'Jardim Cearense',  '2022-11-13'),
		('81', '2304400081', 'Manoel Sátiro',  '2022-11-13'),
		('82', '2304400082', 'Maraponga',  '2022-11-13'),
		('83', '2304400083', 'Mondubim',  '2022-11-13'),
		('84', '2304400084', 'Parque Dois Irmãos',  '2022-11-13'),
		('85', '2304400085', 'Parque Presidente Vargas',  '2022-11-13'),
		('86', '2304400086', 'Parque São José',  '2022-11-13'),
		('87', '2304400087', 'Parque Santa Rosa',  '2022-11-13'),
		('88', '2304400088', 'Passaré',  '2022-11-13'),
		('89', '2304400089', 'Prefeito José Walter',  '2022-11-13'),
		('90', '2304400090', 'Siqueira',  '2022-11-13'),
		('91', '2304400091', 'Aerolândia',  '2022-11-13'),
		('92', '2304400092', 'Aeroporto',  '2022-11-13'),
		('93', '2304400093', 'Alto da Balança',  '2022-11-13'),
		('94', '2304400094', 'Bela Vista',  '2022-11-13'),
		('95', '2304400096', 'Couto Fernandes',  '2022-11-13'),
		('96', '2304400097', 'Demócrito Rocha',  '2022-11-13'),
		('97', '2304400098', 'Dias Macedo',  '2022-11-13'),
		('98', '2304400099', 'Itaoca',  '2022-11-13'),
		('99', '2304400100', 'Itaperi',  '2022-11-13'),
		('100', '2304400101', 'Jóquei Clube',  '2022-11-13'),
		('101', '2304400103', 'Montese',  '2022-11-13'),
		('102', '2304400104', 'Panamericano',  '2022-11-13'),
		('103', '2304400105', 'Parangaba',  '2022-11-13'),
		('104', '2304400106', 'Pici',  '2022-11-13'),
		('105', '2304400107', 'Serrinha',  '2022-11-13'),
		('106', '2304400108', 'Vila Peri',  '2022-11-13'),
		('107', '2304400109', 'Vila União',  '2022-11-13'),
		('108', '2304400110', 'Cais do Porto',  '2022-11-13'),
		('109', '2304400111', 'Cidade 2000',  '2022-11-13'),
		('110', '2304400112', 'Manuel Dias Branco',  '2022-11-13'),
		('111', '2304400113', 'Praia do Futuro I',  '2022-11-13'),
		('112', '2304400114', 'Praia do Futuro II',  '2022-11-13'),
		('113', '2304400115', 'De Lourdes',  '2022-11-13'),
		('114', '2304400116', 'Planalto Ayrton Senna',  '2022-11-13'),
		('115', '2304400118', 'Conjunto Palmeiras',  '2022-11-13'),
		('116', '2304400119', 'São Bento',  '2022-11-13'),
		('117', '2304400121', 'Novo Mondubim',  '2022-11-13'),
		('118', '2304400122', 'Olavo Oliveira',  '2022-11-13'),
		('119', '2304400123', 'Parque Santa Maria',  '2022-11-13'),
		('120', '2304400124', 'Aracapé',  '2022-11-13'),
		('121', '2304400125', 'Boa Vista / Castelão',  '2022-11-13');
/* Bairros Final */

/* Indicadores Início */
INSERT INTO indicador(nome, categoria, descricao)
	VALUES
	('area', 'territorio', 'Extensão territorial total do bairro em quilômetros quadrados.'),
	('cobertura_vegetal_urbana', 'territorio', 'Percentual da área ocupada por vegetação em espaços públicos e privados.'),
	('regional_antiga', 'territorio', 'Região administrativa à qual o bairro pertencia na antiga divisão da cidade.'),
	('idh', 'socioeconomico', 'Índice de Desenvolvimento Humano geral do bairro, considerando renda, educação e longevidade.'),
	('idh_renda', 'socioeconomico', 'Subíndice do IDH que mede a qualidade de vida a partir da renda dos moradores.'),
	('idh_educacao', 'socioeconomico', 'Subíndice do IDH que mede o acesso e a escolaridade da população do bairro.'),
	('renda_media_mensal', 'socioeconomico', 'Valor médio mensal recebido pelos domicílios do bairro.'),
	('domicilios', 'habitacao', 'Número total de residências cadastradas no bairro.'),
	('condominios', 'habitacao', 'Quantidade de condomínios residenciais e comerciais presentes no bairro.'),
	('ciclovias', 'mobilidade', 'Extensão total de ciclovias e ciclofaixas disponíveis no bairro, em quilômetros.'),
	('estações_bicicletar', 'mobilidade', 'Número de estações do sistema público de bicicletas disponíveis no bairro.'),
	('pontos_onibus', 'mobilidade', 'Quantidade de paradas oficiais de transporte coletivo localizadas no bairro.'),
	('regional_atual', 'territorio', 'Região administrativa à qual o bairro pertence na divisão da cidade atualmente.'),
	('populacao', 'populacao', 'População total do bairro, segundo o Censo Demográfico 2022 do IBGE.');
/* Indicadores Final */

/* Área Início */
INSERT INTO public.bairro_indicador(bairro_id_pmf, indicador_id, valor)
	VALUES 
		('1', 1, '1.476'),
		('2', 1, '3.878'),
		('3', 1, '1.422'),
		('4', 1, '0.935'),
		('5', 1, '0.424'),
		('6', 1, '4.282'),
		('7', 1, '1.459'),
		('8', 1, '0.384'),
		('9', 1, '1.354'),
		('10', 1, '4.893'),
		('11', 1, '3.273'),
		('12', 1, '1.189'),
		('13', 1, '0.897'),
		('14', 1, '1.724'),
		('15', 1, '0.931'),
		('16', 1, '2.863'),
		('17', 1, '1.715'),
		('18', 1, '1.263'),
		('19', 1, '0.772'),
		('20', 1, '0.734'),
		('21', 1, '1.103'),
		('22', 1, '1.965'),
		('23', 1, '0.889'),
		('24', 1, '2.652'),
		('25', 1, '0.778'),
		('26', 1, '0.871'),
		('27', 1, '2.105'),
		('28', 1, '0.477'),
		('29', 1, '1.237'),
		('30', 1, '1.017'),
		('31', 1, '0.567'),
		('32', 1, '0.534'),
		('33', 1, '1.716'),
		('34', 1, '1.704'),
		('35', 1, '2.493'),
		('36', 1, '0.532'),
		('37', 1, '3.134'),
		('38', 1, '0.463'),
		('39', 1, '7.149'),
		('40', 1, '2.197'),
		('41', 1, '0.975'),
		('42', 1, '1.597'),
		('43', 1, '1.198'),
		('44', 1, '2.158'),
		('45', 1, '1.946'),
		('46', 1, '1.177'),
		('47', 1, '1.264'),
		('48', 1, '2.135'),
		('49', 1, '3.115'),
		('50', 1, '2.181'),
		('51', 1, '3.442'),
		('52', 1, '3.411'),
		('53', 1, '2.738'),
		('54', 1, '2.789'),
		('55', 1, '1.712'),
		('56', 1, '0.644'),
		('57', 1, '13.848'),
		('58', 1, '3.870'),
		('59', 1, '1.074'),
		('60', 1, '1.364'),
		('61', 1, '8.011'),
		('62', 1, '2.389'),
		('63', 1, '11.508'),
		('64', 1, '4.772'),
		('65', 1, '6.054'),
		('66', 1, '1.568'),
		('67', 1, '1.269'),
		('68', 1, '5.414'),
		('69', 1, '7.127'),
		('70', 1, '10.112'),
		('71', 1, '2.546'),
		('72', 1, '2.442'),
		('73', 1, '2.533'),
		('74', 1, '3.714'),
		('75', 1, '1.825'),
		('76', 1, '0.978'),
		('77', 1, '1.969'),
		('78', 1, '5.208'),
		('79', 1, '2.524'),
		('80', 1, '0.859'),
		('81', 1, '1.432'),
		('82', 1, '1.699'),
		('83', 1, '7.130'),
		('84', 1, '4.379'),
		('85', 1, '1.545'),
		('86', 1, '0.597'),
		('87', 1, '1.002'),
		('88', 1, '7.185'),
		('89', 1, '8.445'),
		('90', 1, '6.357'),
		('91', 1, '1.105'),
		('92', 1, '6.233'),
		('93', 1, '0.904'),
		('94', 1, '0.982'),
		('95', 1, '0.321'),
		('96', 1, '0.804'),
		('97', 1, '1.734'),
		('98', 1, '0.741'),
		('99', 1, '2.549'),
		('100', 1, '1.701'),
		('101', 1, '1.912'),
		('102', 1, '0.552'),
		('103', 1, '4.047'),
		('104', 1, '3.740'),
		('105', 1, '2.950'),
		('106', 1, '1.489'),
		('107', 1, '1.400'),
		('108', 1, '2.734'),
		('109', 1, '0.498'),
		('110', 1, '4.455'),
		('111', 1, '1.733'),
		('112', 1, '3.166'),
		('113', 1, '1.366'),
		('114', 1, '3.385'),
		('115', 1, '5.496'),
		('116', 1, '2.193'),
		('117', 1, '1.755'),
		('118', 1, '0.712'),
		('119', 1, '1.970'),
		('120', 1, '2.179'),
		('121', 1, '2.958');
/* Área Final */

/* População Início */
INSERT INTO public.bairro_indicador(bairro_id_pmf, indicador_id, valor)
	VALUES
	('1', 14, '5622'),
	('2', 14, '16288'),
	('3', 14, '7571'),
	('4', 14, '3392'),
	('5', 14, '1059'),
	('6', 14, '21702'),
	('7', 14, '4941'),
	('8', 14, '1943'),
	('9', 14, '8461'),
	('10', 14, '9964'),
	('11', 14, '8521'),
	('12', 14, '8243'),
	('13', 14, '3928'),
	('14', 14, '5093'),
	('15', 14, '3752'),
	('16', 14, '8612'),
	('17', 14, '8587'),
	('18', 14, '4693'),
	('19', 14, '3796'),
	('20', 14, '4055'),
	('21', 14, '6652'),
	('22', 14, '8063'),
	('23', 14, '3342'),
	('24', 14, '16177'),
	('25', 14, '3967'),
	('26', 14, '5329'),
	('27', 14, '7799'),
	('28', 14, '2167'),
	('29', 14, '4864'),
	('30', 14, '3172'),
	('31', 14, '4759'),
	('32', 14, '1242'),
	('33', 14, '8108'),
	('34', 14, '5804'),
	('35', 14, '8801'),
	('36', 14, '2592'),
	('37', 14, '15540'),
	('38', 14, '2351'),
	('39', 14, '17747'),
	('40', 14, '7881'),
	('41', 14, '6152'),
	('42', 14, '6082'),
	('43', 14, '4319'),
	('44', 14, '12199'),
	('45', 14, '8478'),
	('46', 14, '5803'),
	('47', 14, '3771'),
	('48', 14, '10285'),
	('49', 14, '4869'),
	('50', 14, '2562'),
	('51', 14, '10706'),
	('52', 14, '4949'),
	('53', 14, '3162'),
	('54', 14, '5590'),
	('55', 14, '2456'),
	('56', 14, '2330'),
	('57', 14, '8448'),
	('58', 14, '7922'),
	('59', 14, '2242'),
	('60', 14, '2683'),
	('61', 14, '24421'),
	('62', 14, '9110'),
	('63', 14, '10500'),
	('64', 14, '9615'),
	('65', 14, '15766'),
	('66', 14, '5154'),
	('67', 14, '2016'),
	('68', 14, '9447'),
	('69', 14, '6304'),
	('70', 14, '1147'),
	('71', 14, '1735'),
	('72', 14, '11568'),
	('73', 14, '12521'),
	('74', 14, '12650'),
	('75', 14, '7396'),
	('76', 14, '4556'),
	('77', 14, '4965'),
	('78', 14, '21182'),
	('79', 14, '12360'),
	('80', 14, '3843'),
	('81', 14, '5537'),
	('82', 14, '4631'),
	('83', 14, '21782'),
	('84', 14, '11116'),
	('85', 14, '3608'),
	('86', 14, '2706'),
	('87', 14, '4154'),
	('88', 14, '19287'),
	('89', 14, '19631'),
	('90', 14, '15374'),
	('91', 14, '3536'),
	('92', 14, '3119'),
	('93', 14, '3840'),
	('94', 14, '5311'),
	('95', 14, '1790'),
	('96', 14, '3772'),
	('97', 14, '4258'),
	('98', 14, '3860'),
	('99', 14, '8174'),
	('100', 14, '7516'),
	('101', 14, '8175'),
	('102', 14, '3078'),
	('103', 14, '10283'),
	('104', 14, '13331'),
	('105', 14, '9739'),
	('106', 14, '6381'),
	('107', 14, '4715'),
	('108', 14, '7797'),
	('109', 14, '3081'),
	('110', 14, '2795'),
	('111', 14, '1551'),
	('112', 14, '4444'),
	('113', 14, '753'),
	('114', 14, '12832'),
	('115', 14, '9298'),
	('116', 14, '4268'),
	('117', 14, '6560'),
	('118', 14, '3820'),
	('119', 14, '5166'),
	('120', 14, '6675'),
	('121', 14, '4551');
/* População Final */

/* Regional Antiga Início */
INSERT INTO public.bairro_indicador(bairro_id_pmf, indicador_id, valor)
	VALUES 
		('1', 3, 'SER I'),
		('2', 3, 'SER II'),
		('3', 3, 'SER I'),
		('4', 3, 'SER III'),
		('5', 3, 'SER I'),
		('6', 3, 'SER I'),
		('7', 3, 'SER IV'),
		('8', 3, 'SER IV'),
		('9', 3, 'SER I'),
		('10', 3, 'SERCE'),
		('11', 3, 'SER II'),
		('12', 3, 'SER I'),
		('13', 3, 'SER IV'),
		('14', 3, 'SER II'),
		('15', 3, 'SER I'),
		('16', 3, 'SER IV'),
		('17', 3, 'SER I'),
		('18', 3, 'SER I'),
		('19', 3, 'SER IV'),
		('20', 3, 'SER I'),
		('21', 3, 'SER I'),
		('22', 3, 'SER II'),
		('23', 3, 'SER IV'),
		('24', 3, 'SER II'),
		('25', 3, 'SER I'),
		('26', 3, 'SER II'),
		('27', 3, 'SER II'),
		('28', 3, 'SER III'),
		('29', 3, 'SER III'),
		('30', 3, 'SER IV'),
		('31', 3, 'SER I'),
		('32', 3, 'SER II'),
		('33', 3, 'SER III'),
		('34', 3, 'SER III'),
		('35', 3, 'SER II'),
		('36', 3, 'SER II'),
		('37', 3, 'SER II'),
		('38', 3, 'SER I'),
		('39', 3, 'SER I'),
		('40', 3, 'SER III'),
		('41', 3, 'SER III'),
		('42', 3, 'SER V'),
		('43', 3, 'SER III'),
		('44', 3, 'SER V'),
		('45', 3, 'SER III'),
		('46', 3, 'SER III'),
		('47', 3, 'SER III'),
		('48', 3, 'SER III'),
		('49', 3, 'SER VI'),
		('50', 3, 'SER VI'),
		('51', 3, 'SER VI'),
		('52', 3, 'SER VI'),
		('53', 3, 'SER VI'),
		('54', 3, 'SER VI'),
		('55', 3, 'SER VI'),
		('56', 3, 'SER VI'),
		('57', 3, 'SER VI'),
		('58', 3, 'SER II'),
		('59', 3, 'SER VI'),
		('60', 3, 'SER II'),
		('61', 3, 'SER VI'),
		('62', 3, 'SER VI'),
		('63', 3, 'SER VI'),
		('64', 3, 'SER VI'),
		('65', 3, 'SER VI'),
		('66', 3, 'SER VI'),
		('67', 3, 'SER VI'),
		('68', 3, 'SER VI'),
		('69', 3, 'SER VI'),
		('70', 3, 'SER VI'),
		('71', 3, 'SER II'),
		('72', 3, 'SER V'),
		('73', 3, 'SER III'),
		('74', 3, 'SER V'),
		('75', 3, 'SER V'),
		('76', 3, 'SER V'),
		('77', 3, 'SER IV'),
		('78', 3, 'SER V'),
		('79', 3, 'SER V'),
		('80', 3, 'SER V'),
		('81', 3, 'SER V'),
		('82', 3, 'SER V'),
		('83', 3, 'SER V'),
		('84', 3, 'SER VI'),
		('85', 3, 'SER V'),
		('86', 3, 'SER V'),
		('87', 3, 'SER V'),
		('88', 3, 'SER VI'),
		('89', 3, 'SER V'),
		('90', 3, 'SER V'),
		('91', 3, 'SER VI'),
		('92', 3, 'SER IV'),
		('93', 3, 'SER VI'),
		('94', 3, 'SER III'),
		('95', 3, 'SER IV'),
		('96', 3, 'SER IV'),
		('97', 3, 'SER VI'),
		('98', 3, 'SER IV'),
		('99', 3, 'SER IV'),
		('100', 3, 'SER III'),
		('101', 3, 'SER IV'),
		('102', 3, 'SER IV'),
		('103', 3, 'SER IV'),
		('104', 3, 'SER III'),
		('105', 3, 'SER IV'),
		('106', 3, 'SER IV'),
		('107', 3, 'SER IV'),
		('108', 3, 'SER II'),
		('109', 3, 'SER II'),
		('110', 3, 'SER II'),
		('111', 3, 'SER II'),
		('112', 3, 'SER II'),
		('113', 3, 'SER II'),
		('114', 3, 'SER V'),
		('115', 3, 'SER VI'),
		('116', 3, 'SER VI'),
		('117', 3, 'SER V'),
		('118', 3, 'SER III'),
		('119', 3, 'SER VI'),
		('120', 3, 'SER V'),
		('121', 3, 'SER VI');
/* Regional Antiga Final */

/* Regional Atual Final */
INSERT INTO public.bairro_indicador(bairro_id_pmf, indicador_id, valor)
	VALUES 
		('1', 13, '3'),
		('2', 13, '2'),
		('3', 13, '1'),
		('4', 13, '3'),
		('5', 13, '12'),
		('6', 13, '1'),
		('7', 13, '4'),
		('8', 13, '4'),
		('9', 13, '1'),
		('10', 13, '12'),
		('11', 13, '7'),
		('12', 13, '1'),
		('13', 13, '4'),
		('14', 13, '2'),
		('15', 13, '3'),
		('16', 13, '4'),
		('17', 13, '1'),
		('18', 13, '1'),
		('19', 13, '4'),
		('20', 13, '1'),
		('21', 13, '1'),
		('22', 13, '2'),
		('23', 13, '4'),
		('24', 13, '2'),
		('25', 13, '3'),
		('26', 13, '2'),
		('27', 13, '2'),
		('28', 13, '3'),
		('29', 13, '3'),
		('30', 13, '4'),
		('31', 13, '1'),
		('32', 13, '12'),
		('33', 13, '3'),
		('34', 13, '3'),
		('35', 13, '2'),
		('36', 13, '2'),
		('37', 13, '2'),
		('38', 13, '3'),
		('39', 13, '1'),
		('40', 13, '3'),
		('41', 13, '11'),
		('42', 13, '11'),
		('43', 13, '11'),
		('44', 13, '11'),
		('45', 13, '11'),
		('46', 13, '11'),
		('47', 13, '3'),
		('48', 13, '3'),
		('49', 13, '6'),
		('50', 13, '9'),
		('51', 13, '9'),
		('52', 13, '9'),
		('53', 13, '6'),
		('54', 13, '6'),
		('55', 13, '6'),
		('56', 13, '6'),
		('57', 13, '7'),
		('58', 13, '7'),
		('59', 13, '6'),
		('60', 13, '7'),
		('61', 13, '9'),
		('62', 13, '6'),
		('63', 13, '6'),
		('64', 13, '7'),
		('65', 13, '6'),
		('66', 13, '6'),
		('67', 13, '6'),
		('68', 13, '6'),
		('69', 13, '9'),
		('70', 13, '7'),
		('71', 13, '7'),
		('72', 13, '5'),
		('73', 13, '5'),
		('74', 13, '10'),
		('75', 13, '11'),
		('76', 13, '10'),
		('77', 13, '8'),
		('78', 13, '5'),
		('79', 13, '5'),
		('80', 13, '10'),
		('81', 13, '10'),
		('82', 13, '10'),
		('83', 13, '10'),
		('84', 13, '8'),
		('85', 13, '10'),
		('86', 13, '10'),
		('87', 13, '10'),
		('88', 13, '8'),
		('89', 13, '8'),
		('90', 13, '5'),
		('91', 13, '6'),
		('92', 13, '4'),
		('93', 13, '6'),
		('94', 13, '11'),
		('95', 13, '11'),
		('96', 13, '11'),
		('97', 13, '8'),
		('98', 13, '4'),
		('99', 13, '8'),
		('100', 13, '11'),
		('101', 13, '4'),
		('102', 13, '11'),
		('103', 13, '4'),
		('104', 13, '11'),
		('105', 13, '8'),
		('106', 13, '4'),
		('107', 13, '4'),
		('108', 13, '2'),
		('109', 13, '7'),
		('110', 13, '7'),
		('111', 13, '7'),
		('112', 13, '7'),
		('113', 13, '2'),
		('114', 13, '8'),
		('115', 13, '9'),
		('116', 13, '6'),
		('117', 13, '10'),
		('118', 13, '3'),
		('119', 13, '9'),
		('120', 13, '10'),
		('121', 13, '8');
/* Regional Atual Final */

/* IDH Educação Início */
INSERT INTO public.bairro_indicador(bairro_id_pmf, indicador_id, valor)
	VALUES 
		('91', 6, '0.949'),
		('92', 6, '0.898'),
		('2', 6, '0.994'),
		('93', 6, '0.939'),
		('3', 6, '0.960'),
		('4', 6, '0.973'),
		('50', 6, '0.888'),
		('40', 6, '0.961'),
		('5', 6, '0.910'),
		('41', 6, '0.894'),
		('6', 6, '0.924'),
		('51', 6, '0.909'),
		('94', 6, '0.956'),
		('7', 6, '0.989'),
		('121', 6, '0.943'),
		('8', 6, '0.984'),
		('72', 6, '0.912'),
		('73', 6, '0.930'),
		('108', 6, '0.893'),
		('52', 6, '0.954'),
		('53', 6, '0.969'),
		('74', 6, '0.903'),
		('9', 6, '0.930'),
		('10', 6, '0.984'),
		('109', 6, '0.993'),
		('54', 6, '0.985'),
		('55', 6, '0.937'),
		('11', 6, '0.998'),
		('42', 6, '0.983'),
		('75', 6, '0.980'),
		('76', 6, '0.952'),
		('115', 6, '0.915'),
		('95', 6, '0.930'),
		('12', 6, '0.912'),
		('56', 6, '0.909'),
		('13', 6, '0.986'),
		('113', 6, '0.975'),
		('96', 6, '0.963'),
		('77', 6, '0.948'),
		('97', 6, '0.928'),
		('14', 6, '0.999'),
		('43', 6, '0.962'),
		('57', 6, '0.965'),
		('15', 6, '0.971'),
		('16', 6, '0.998'),
		('17', 6, '0.929'),
		('44', 6, '0.897'),
		('78', 6, '0.908'),
		('79', 6, '0.895'),
		('59', 6, '0.947'),
		('60', 6, '0.994'),
		('45', 6, '0.961'),
		('98', 6, '0.959'),
		('99', 6, '0.970'),
		('18', 6, '0.948'),
		('61', 6, '0.945'),
		('19', 6, '0.974'),
		('80', 6, '0.959'),
		('62', 6, '0.904'),
		('20', 6, '0.956'),
		('21', 6, '0.953'),
		('46', 6, '0.945'),
		('22', 6, '0.985'),
		('100', 6, '0.964'),
		('23', 6, '0.992'),
		('49', 6, '0.944'),
		('63', 6, '0.923'),
		('58', 6, '0.968'),
		('81', 6, '0.956'),
		('110', 6, '0.920'),
		('82', 6, '0.968'),
		('24', 6, '1.000'),
		('65', 6, '0.956'),
		('83', 6, '0.947'),
		('25', 6, '0.968'),
		('101', 6, '0.965'),
		('26', 6, '0.983'),
		('47', 6, '0.943'),
		('102', 6, '0.956'),
		('27', 6, '0.951'),
		('103', 6, '0.968'),
		('28', 6, '0.973'),
		('84', 6, '0.950'),
		('66', 6, '0.982'),
		('67', 6, '0.982'),
		('85', 6, '0.901'),
		('87', 6, '0.932'),
		('86', 6, '0.928'),
		('29', 6, '0.990'),
		('30', 6, '0.985'),
		('88', 6, '0.938'),
		('68', 6, '0.926'),
		('69', 6, '0.883'),
		('104', 6, '0.929'),
		('31', 6, '0.889'),
		('114', 6, '0.906'),
		('32', 6, '0.984'),
		('111', 6, '0.886'),
		('112', 6, '0.898'),
		('89', 6, '0.966'),
		('33', 6, '0.963'),
		('48', 6, '0.928'),
		('34', 6, '0.973'),
		('70', 6, '0.890'),
		('71', 6, '0.959'),
		('116', 6, '0.925'),
		('1', 6, '0.995'),
		('35', 6, '0.961'),
		('64', 6, '0.937'),
		('105', 6, '0.930'),
		('90', 6, '0.896'),
		('36', 6, '0.992'),
		('38', 6, '0.968'),
		('106', 6, '0.964'),
		('107', 6, '0.967'),
		('39', 6, '0.941'),
		('37', 6, '0.926');
/* IDH Educação Final */

/* IDH Renda Início */
INSERT INTO public.bairro_indicador(bairro_id_pmf, indicador_id, valor)
	VALUES 
		('91', 5, '0.071'),
		('92', 5, '0.046'),
		('2', 5, '0.778'),
		('93', 5, '0.076'),
		('3', 5, '0.095'),
		('4', 5, '0.242'),
		('50', 5, '0.051'),
		('40', 5, '0.093'),
		('5', 5, '0.060'),
		('41', 5, '0.032'),
		('6', 5, '0.047'),
		('51', 5, '0.045'),
		('94', 5, '0.116'),
		('7', 5, '0.294'),
		('121', 5, '0.104'),
		('8', 5, '0.161'),
		('72', 5, '0.032'),
		('73', 5, '0.057'),
		('108', 5, '0.045'),
		('52', 5, '0.155'),
		('53', 5, '0.406'),
		('74', 5, '0.025'),
		('9', 5, '0.076'),
		('10', 5, '0.241'),
		('109', 5, '0.227'),
		('54', 5, '0.383'),
		('55', 5, '0.095'),
		('11', 5, '0.894'),
		('42', 5, '0.107'),
		('75', 5, '0.102'),
		('76', 5, '0.081'),
		('115', 5, '0.010'),
		('95', 5, '0.112'),
		('12', 5, '0.040'),
		('56', 5, '0.073'),
		('13', 5, '0.230'),
		('113', 5, '0.869'),
		('96', 5, '0.098'),
		('77', 5, '0.115'),
		('97', 5, '0.061'),
		('14', 5, '0.722'),
		('43', 5, '0.090'),
		('57', 5, '0.199'),
		('15', 5, '0.190'),
		('16', 5, '0.443'),
		('17', 5, '0.041'),
		('44', 5, '0.027'),
		('78', 5, '0.030'),
		('79', 5, '0.028'),
		('59', 5, '0.109'),
		('60', 5, '0.950'),
		('45', 5, '0.091'),
		('98', 5, '0.107'),
		('99', 5, '0.163'),
		('18', 5, '0.148'),
		('61', 5, '0.052'),
		('19', 5, '0.139'),
		('80', 5, '0.140'),
		('62', 5, '0.069'),
		('20', 5, '0.079'),
		('21', 5, '0.061'),
		('46', 5, '0.062'),
		('22', 5, '0.353'),
		('100', 5, '0.137'),
		('23', 5, '0.269'),
		('49', 5, '0.307'),
		('63', 5, '0.089'),
		('58', 5, '0.376'),
		('81', 5, '0.084'),
		('110', 5, '0.292'),
		('82', 5, '0.198'),
		('24', 5, '1.000'),
		('65', 5, '0.120'),
		('83', 5, '0.076'),
		('25', 5, '0.131'),
		('101', 5, '0.171'),
		('26', 5, '0.732'),
		('47', 5, '0.112'),
		('102', 5, '0.095'),
		('27', 5, '0.362'),
		('103', 5, '0.160'),
		('28', 5, '0.218'),
		('84', 5, '0.093'),
		('66', 5, '0.401'),
		('67', 5, '0.395'),
		('85', 5, '0.014'),
		('87', 5, '0.057'),
		('86', 5, '0.053'),
		('29', 5, '0.272'),
		('30', 5, '0.282'),
		('88', 5, '0.111'),
		('68', 5, '0.072'),
		('69', 5, '0.055'),
		('104', 5, '0.054'),
		('31', 5, '0.030'),
		('114', 5, '0.035'),
		('32', 5, '0.486'),
		('111', 5, '0.171'),
		('112', 5, '0.070'),
		('89', 5, '0.109'),
		('33', 5, '0.158'),
		('48', 5, '0.055'),
		('34', 5, '0.169'),
		('70', 5, '0.091'),
		('71', 5, '0.442'),
		('116', 5, '0.057'),
		('1', 5, '0.324'),
		('35', 5, '0.190'),
		('64', 5, '0.191'),
		('105', 5, '0.082'),
		('90', 5, '0.026'),
		('36', 5, '0.560'),
		('38', 5, '0.134'),
		('106', 5, '0.084'),
		('107', 5, '0.196'),
		('39', 5, '0.072'),
		('37', 5, '0.130');
/* IDH Renda Final */

/* IDH Início */
INSERT INTO public.bairro_indicador(bairro_id_pmf, indicador_id, valor)
	VALUES 
		('91', 4, '0.311'),
		('92', 4, '0.177'),
		('2', 4, '0.867'),
		('93', 4, '0.347'),
		('3', 4, '0.365'),
		('4', 4, '0.588'),
		('50', 4, '0.204'),
		('40', 4, '0.348'),
		('5', 4, '0.285'),
		('41', 4, '0.182'),
		('6', 4, '0.216'),
		('51', 4, '0.187'),
		('94', 4, '0.375'),
		('7', 4, '0.628'),
		('121', 4, '0.286'),
		('8', 4, '0.505'),
		('72', 4, '0.195'),
		('73', 4, '0.262'),
		('108', 4, '0.224'),
		('52', 4, '0.305'),
		('53', 4, '0.518'),
		('74', 4, '0.136'),
		('9', 4, '0.300'),
		('10', 4, '0.557'),
		('109', 4, '0.562'),
		('54', 4, '0.572'),
		('55', 4, '0.255'),
		('11', 4, '0.762'),
		('42', 4, '0.360'),
		('75', 4, '0.362'),
		('76', 4, '0.288'),
		('115', 4, '0.107'),
		('95', 4, '0.361'),
		('12', 4, '0.254'),
		('56', 4, '0.188'),
		('13', 4, '0.511'),
		('113', 4, '0.642'),
		('96', 4, '0.369'),
		('77', 4, '0.181'),
		('97', 4, '0.271'),
		('14', 4, '0.860'),
		('43', 4, '0.320'),
		('57', 4, '0.350'),
		('15', 4, '0.500'),
		('16', 4, '0.695'),
		('17', 4, '0.224'),
		('44', 4, '0.139'),
		('78', 4, '0.170'),
		('79', 4, '0.190'),
		('59', 4, '0.289'),
		('60', 4, '0.768'),
		('45', 4, '0.341'),
		('98', 4, '0.373'),
		('99', 4, '0.368'),
		('18', 4, '0.448'),
		('61', 4, '0.172'),
		('19', 4, '0.444'),
		('80', 4, '0.318'),
		('62', 4, '0.270'),
		('20', 4, '0.325'),
		('21', 4, '0.290'),
		('46', 4, '0.284'),
		('22', 4, '0.663'),
		('100', 4, '0.406'),
		('23', 4, '0.644'),
		('49', 4, '0.377'),
		('63', 4, '0.253'),
		('58', 4, '0.522'),
		('81', 4, '0.292'),
		('110', 4, '0.337'),
		('82', 4, '0.390'),
		('24', 4, '0.953'),
		('65', 4, '0.376'),
		('83', 4, '0.233'),
		('25', 4, '0.435'),
		('101', 4, '0.473'),
		('26', 4, '0.793'),
		('47', 4, '0.361'),
		('102', 4, '0.373'),
		('27', 4, '0.530'),
		('103', 4, '0.419'),
		('28', 4, '0.587'),
		('84', 4, '0.251'),
		('66', 4, '0.505'),
		('67', 4, '0.578'),
		('85', 4, '0.135'),
		('87', 4, '0.243'),
		('86', 4, '0.284'),
		('29', 4, '0.628'),
		('30', 4, '0.572'),
		('88', 4, '0.225'),
		('68', 4, '0.246'),
		('69', 4, '0.264'),
		('104', 4, '0.219'),
		('31', 4, '0.230'),
		('114', 4, '0.168'),
		('32', 4, '0.720'),
		('111', 4, '0.291'),
		('112', 4, '0.168'),
		('89', 4, '0.395'),
		('33', 4, '0.429'),
		('48', 4, '0.223'),
		('34', 4, '0.482'),
		('70', 4, '0.267'),
		('71', 4, '0.491'),
		('116', 4, '0.198'),
		('1', 4, '0.594'),
		('35', 4, '0.492'),
		('64', 4, '0.338'),
		('105', 4, '0.283'),
		('90', 4, '0.149'),
		('36', 4, '0.718'),
		('38', 4, '0.416'),
		('106', 4, '0.342'),
		('107', 4, '0.467'),
		('39', 4, '0.272'),
		('37', 4, '0.331');
/* IDH Final */


